{
    "clairvoyantAggregated": {
        "avgTotalProfit": 8416.0,
        "avgTotalProfitStd": 160.55295076702888,
        "avgProfitPerDay": 280.53333333333336,
        "avgProfitPerDayStd": 44.38560827815951,
        "avgTotalRegret": 0.0,
        "avgTotalRegretStd": 0.0,
        "avgRegretPerDay": 0.0,
        "avgRegretPerDayStd": 0.0
    },
    "GPTS_Learner": {
        "avgTotalProfit": 4579.7834301155635,
        "avgTotalProfitStd": 940.2383171185573,
        "avgProfitPerDay": 152.65944767051886,
        "avgProfitPerDayStd": 111.69874781650243,
        "avgTotalRegret": 3836.2165698844356,
        "avgTotalRegretStd": 811.9488571540586,
        "avgRegretPerDay": 127.87388566281452,
        "avgRegretPerDayStd": 109.60734154898236
    }
}