{
    "clairvoyantAggregated": {
        "avgTotalProfit": 11096.5,
        "avgTotalProfitStd": 3.5,
        "avgProfitPerDay": 369.8833333333333,
        "avgProfitPerDayStd": 48.54451279209858,
        "avgTotalRegret": 0.0,
        "avgTotalRegretStd": 0.0,
        "avgRegretPerDay": 0.0,
        "avgRegretPerDayStd": 0.0
    },
    "GP-TS": {
        "avgTotalProfit": 6842.476583014168,
        "avgTotalProfitStd": 605.9905002734304,
        "avgProfitPerDay": 228.082552767139,
        "avgProfitPerDayStd": 80.01591880318075,
        "avgTotalRegret": 4254.023416985832,
        "avgTotalRegretStd": 609.4905002734308,
        "avgRegretPerDay": 141.80078056619433,
        "avgRegretPerDayStd": 70.69457347937953
    }
}